{
  "version": 1,
  "author": "Suraj Satwar",
  "editor": "wokwi",
  "parts": [
    { "type": "wokwi-arduino-uno", "id": "uno", "top": 39, "left": -19.8, "attrs": {} },
    {
      "type": "wokwi-dht22",
      "id": "dht1",
      "top": -86.1,
      "left": -101.4,
      "attrs": { "temperature": "38.4" }
    },
    { "type": "wokwi-led", "id": "led1", "top": -70.8, "left": 3.8, "attrs": { "color": "red" } },
    {
      "type": "wokwi-buzzer",
      "id": "bz1",
      "top": -103.2,
      "left": 88.2,
      "attrs": { "volume": "0.1" }
    }
  ],
  "connections": [
    [ "dht1:VCC", "uno:5V", "red", [ "v240", "h230.4", "v0" ] ],
    [ "uno:GND.2", "dht1:GND", "black", [ "v19.1", "h-207.3" ] ],
    [ "uno:2", "dht1:SDA", "green", [ "v-19.2", "h-255.1", "v28.8", "h-38.4", "v-9.6" ] ],
    [ "uno:3", "led1:A", "green", [ "v-38.4", "h-82.4" ] ],
    [ "uno:GND.3", "led1:C", "black", [ "v19.1", "h100", "v-249.6", "h-240" ] ],
    [ "bz1:2", "uno:4", "green", [ "v0", "h66.8" ] ],
    [ "bz1:1", "uno:GND.3", "green", [ "v9.6", "h153.6", "v268.8", "h-105.6" ] ]
  ],
  "dependencies": {}
}